Consultas principales,Clics,Impresiones,CTR,Posición
la mesa barcelona,2,41,4.88%,3.29
pottery class barcelona,1,2,50%,4
tiendas bellas artes barcelona,1,1,100%,31
mesa,0,363,0%,6.64
la mesa,0,58,0%,9.12
taller de maquetas,0,31,0%,22
la mess,0,17,0%,3.41
taller maquetas,0,16,0%,22.69
taller creativo barcelona,0,14,0%,55.43
reservar mesa,0,7,0%,2.71
taller manualidades barcelona,0,7,0%,13
lamesa,0,6,0%,21.17
me sa,0,5,0%,1.2
laboratorio de arte,0,4,0%,7
m esa,0,4,0%,7
workshops barcelona,0,4,0%,9.5
la meds,0,4,0%,47
la mes,0,3,0%,1
laboratorio creativo,0,3,0%,2.33
ceramic lab barcelona,0,3,0%,8.67
spanish ceramics,0,3,0%,10
formación artística cercana,0,3,0%,16
ceramica lab barcelona,0,2,0%,5
mesa studio,0,2,0%,5
arte en la mesa,0,2,0%,8.5
creativo,0,2,0%,9
taller creativo,0,2,0%,11.5
curso de cerámica para principiantes,0,2,0%,12
mesa centro ceramica,0,2,0%,13
taller de manualidades,0,2,0%,15.5
la.mesa,0,2,0%,22.5
clases de manualidades,0,1,0%,1
comprar barro,0,1,0%,1
escola taller,0,1,0%,1
lebanese barcelona,0,1,0%,1
mesa creativa,0,1,0%,1
mesa la,0,1,0%,1
numero de mesa,0,1,0%,1
taller mesa,0,1,0%,1
barcelona ceramics shop,0,1,0%,2
ceramic training,0,1,0%,2
laboratorio artesanal,0,1,0%,2
mesa estética,0,1,0%,2
mesa studios,0,1,0%,2
mesa de centro moderna madera,0,1,0%,3
mewsa,0,1,0%,3
mwsa,0,1,0%,3
nmesa,0,1,0%,3
experiencias originales barcelona,0,1,0%,5
punto ceramica,0,1,0%,5
tiendas manualidades barcelona,0,1,0%,5
carta en la mesa,0,1,0%,6
taller de musica,0,1,0%,6
de donde es esta mesa,0,1,0%,7
horarios de mesa,0,1,0%,7
numero mesa,0,1,0%,7
clases de ceramica barcelona,0,1,0%,8
classes,0,1,0%,8
donde van los cubiertos en la mesa,0,1,0%,8
mesa taller,0,1,0%,8
fine dining restaurants,0,1,0%,11
mesaa,0,1,0%,11
trans near me,0,1,0%,11
espacio de manualidades barcelona,0,1,0%,12
curso manualidades,0,1,0%,13
la lau,0,1,0%,13
mesa para laboratorio,0,1,0%,14
mesa teléfono,0,1,0%,14
taller de maquetas arquitectura,0,1,0%,21
cerámica hecha a mano en barcelona,0,1,0%,30
ceramica barcelona,0,1,0%,31
clases de portugues en barcelona,0,1,0%,31
spanish lessons with vicky,0,1,0%,31
workshop cerâmica marc lancet,0,1,0%,68
lmesa,0,1,0%,72
la mesas,0,1,0%,92